{
  "results": {
    "jcommonsenseqa-1.1-0.4": {
      "acc": 0.48614834673815904,
      "acc_stderr": 0.014947975724708408,
      "acc_norm": 0.45933869526362825,
      "acc_norm_stderr": 0.014904185887668705
    },
    "jnli-1.1-0.4": {
      "acc": 0.5316351684470009,
      "acc_stderr": 0.010116445249958434,
      "acc_norm": 0.30156121610517667,
      "acc_norm_stderr": 0.009304239098715018
    },
    "marc_ja-1.1-0.4": {
      "acc": 0.9147192186955005,
      "acc_stderr": 0.003688744001958047,
      "acc_norm": 0.9147192186955005,
      "acc_norm_stderr": 0.003688744001958047
    },
    "xwinograd_ja": {
      "acc": 0.6913451511991658,
      "acc_stderr": 0.014924550437257583
    },
    "jsquad-1.1-0.4": {
      "exact_match": 47.0058532192706,
      "f1": 58.1835076504757
    },
    "jaqket_v2-0.1-0.4": {
      "exact_match": 45.79037800687285,
      "f1": 50.46606839132611
    },
    "xlsum_ja-1.0-0.4": {
      "rouge2": 7.538143777710152
    },
    "mgsm-1.0-0.4": {
      "acc": 0.024,
      "acc_stderr": 0.009699087026964268
    }
  },
  "versions": {
    "jcommonsenseqa-1.1-0.4": 1.1,
    "jnli-1.1-0.4": 1.1,
    "marc_ja-1.1-0.4": 1.1,
    "jsquad-1.1-0.4": 1.1,
    "jaqket_v2-0.1-0.4": 0.1,
    "xlsum_ja-1.0-0.4": 1.0,
    "xwinograd_ja": 1.0,
    "mgsm-1.0-0.4": 1.0
  },
  "config": {
    "model": "hf-causal",
    "model_args": "pretrained=rinna/japanese-gpt-neox-3.6b-instruction-ppo,use_fast=False,device_map=auto,torch_dtype=auto",
    "num_fewshot": [
      0,
      0,
      0,
      0,
      0,
      0,
      0,
      0
    ],
    "batch_size": null,
    "device": "cuda",
    "no_cache": false,
    "limit": null,
    "bootstrap_iters": 100000,
    "description_dict": {}
  }
}