{
  "results": {
    "jcommonsenseqa-1.1-0.3": {
      "acc": 0.5290437890974083,
      "acc_stderr": 0.014928465632785262,
      "acc_norm": 0.47899910634495085,
      "acc_norm_stderr": 0.014940518992025224
    },
    "jnli-1.1-0.3": {
      "acc": 0.14502875924404274,
      "acc_stderr": 0.007138907658960349,
      "acc_norm": 0.14502875924404274,
      "acc_norm_stderr": 0.007138907658960349
    },
    "marc_ja-1.1-0.3": {
      "acc": 0.8787931635856295,
      "acc_stderr": 0.004310383603154956,
      "acc_norm": 0.8787931635856295,
      "acc_norm_stderr": 0.004310383603154956
    },
    "xwinograd_ja": {
      "acc": 0.6934306569343066,
      "acc_stderr": 0.014896461761942498
    },
    "jsquad-1.1-0.3": {
      "exact_match": 19.878433138226026,
      "f1": 29.958561688708237
    },
    "jaqket_v2-0.1-0.3": {
      "exact_match": 23.969072164948454,
      "f1": 32.27647114245051
    },
    "xlsum_ja-1.0-0.3": {
      "rouge2": 6.241643153601687
    },
    "mgsm-1.0-0.3": {
      "acc": 0.004,
      "acc_stderr": 0.004000000000000008
    }
  },
  "versions": {
    "jcommonsenseqa-1.1-0.3": 1.1,
    "jnli-1.1-0.3": 1.1,
    "marc_ja-1.1-0.3": 1.1,
    "jsquad-1.1-0.3": 1.1,
    "jaqket_v2-0.1-0.3": 0.1,
    "xlsum_ja-1.0-0.3": 1.0,
    "xwinograd_ja": 1.0,
    "mgsm-1.0-0.3": 1.0
  },
  "config": {
    "model": "hf-causal",
    "model_args": "pretrained=/fsx/proj-jp-stablegpt/sft/models/stablelm-jp-instruct-3b_1.5.2/,tokenizer=/fsx/proj-jp-stablegpt/tokenizers/nai-hf-tokenizer/,use_fast=False",
    "num_fewshot": [
      0,
      0,
      0,
      0,
      0,
      0,
      0,
      0
    ],
    "batch_size": null,
    "device": "cuda",
    "no_cache": true,
    "limit": null,
    "bootstrap_iters": 100000,
    "description_dict": {}
  }
}