{
  "results": {
    "arc_challenge": {
      "acc": 0.3412969283276451,
      "acc_stderr": 0.013855831287497717,
      "acc_norm": 0.35665529010238906,
      "acc_norm_stderr": 0.013998056902620197
    },
    "arc_easy": {
      "acc": 0.6519360269360269,
      "acc_stderr": 0.009774627600259014,
      "acc_norm": 0.5946969696969697,
      "acc_norm_stderr": 0.010074093589739203
    },
    "boolq": {
      "acc": 0.7391437308868501,
      "acc_stderr": 0.007679936476423408
    },
    "hellaswag": {
      "acc": 0.48317068313085043,
      "acc_stderr": 0.0049869541397375315,
      "acc_norm": 0.6439952200756821,
      "acc_norm_stderr": 0.004778380758851135
    },
    "lambada_openai": {
      "ppl": 4.0437412932164705,
      "ppl_stderr": 0.09649225170512674,
      "acc": 0.6951290510382302,
      "acc_stderr": 0.006413613926848405
    },
    "openbookqa": {
      "acc": 0.288,
      "acc_stderr": 0.02027150383507522,
      "acc_norm": 0.386,
      "acc_norm_stderr": 0.021793529219281165
    },
    "piqa": {
      "acc": 0.7225244831338411,
      "acc_stderr": 0.010446818281039954,
      "acc_norm": 0.7263329706202394,
      "acc_norm_stderr": 0.010402184206229221
    },
    "sciq": {
      "acc": 0.934,
      "acc_stderr": 0.007855297938697587,
      "acc_norm": 0.881,
      "acc_norm_stderr": 0.010244215145336664
    },
    "siqa": {
      "acc": 0.4053224155578301,
      "acc_stderr": 0.011109383877623348,
      "acc_norm": 0.44268167860798363,
      "acc_norm_stderr": 0.011239482425741961
    },
    "winogrande": {
      "acc": 0.6345698500394633,
      "acc_stderr": 0.013533965097638778
    }
  },
  "versions": {
    "arc_challenge": 0,
    "arc_easy": 0,
    "boolq": 1,
    "hellaswag": 0,
    "lambada_openai": 0,
    "openbookqa": 0,
    "piqa": 0,
    "sciq": 0,
    "siqa": 0,
    "winogrande": 0
  },
  "config": {
    "model": "gpt2",
    "model_args": "use_fast=False,pretrained=codellama/CodeLlama-13b-hf,trust_remote_code=True,low_cpu_mem_usage=True,dtype=bfloat16",
    "num_fewshot": 0,
    "batch_size": "16",
    "batch_sizes": [],
    "device": "cuda:4",
    "no_cache": false,
    "limit": null,
    "bootstrap_iters": 100000,
    "description_dict": {}
  }
}