{
  "results": {
    "arc_challenge": {
      "acc": 0.4598976109215017,
      "acc_stderr": 0.014564318856924848,
      "acc_norm": 0.48464163822525597,
      "acc_norm_stderr": 0.014604496129394911
    },
    "arc_easy": {
      "acc": 0.7744107744107744,
      "acc_stderr": 0.00857655867404775,
      "acc_norm": 0.76010101010101,
      "acc_norm_stderr": 0.008762298774190583
    },
    "boolq": {
      "acc": 0.7948012232415902,
      "acc_stderr": 0.0070633249556827996
    },
    "hellaswag": {
      "acc": 0.5893248356901015,
      "acc_stderr": 0.00490950953852516,
      "acc_norm": 0.7834096793467437,
      "acc_norm_stderr": 0.004110792023431713
    },
    "lambada_openai": {
      "ppl": 3.0768017757871164,
      "ppl_stderr": 0.057728283227592374,
      "acc": 0.761110032990491,
      "acc_stderr": 0.005940660742100594
    },
    "openbookqa": {
      "acc": 0.324,
      "acc_stderr": 0.020950557312477455,
      "acc_norm": 0.422,
      "acc_norm_stderr": 0.022109039310618552
    },
    "piqa": {
      "acc": 0.779107725788901,
      "acc_stderr": 0.009679088048842217,
      "acc_norm": 0.7981501632208923,
      "acc_norm_stderr": 0.009364873741341422
    },
    "sciq": {
      "acc": 0.944,
      "acc_stderr": 0.0072744014816970735,
      "acc_norm": 0.923,
      "acc_norm_stderr": 0.00843458014024064
    },
    "siqa": {
      "acc": 0.43193449334698053,
      "acc_stderr": 0.011208746100567539,
      "acc_norm": 0.4554759467758444,
      "acc_norm_stderr": 0.011269123444510767
    },
    "winogrande": {
      "acc": 0.7308602999210734,
      "acc_stderr": 0.012464911951268736
    }
  },
  "versions": {
    "arc_challenge": 0,
    "arc_easy": 0,
    "boolq": 1,
    "hellaswag": 0,
    "lambada_openai": 0,
    "openbookqa": 0,
    "piqa": 0,
    "sciq": 0,
    "siqa": 0,
    "winogrande": 0
  },
  "config": {
    "model": "gpt2",
    "model_args": "use_fast=False,pretrained=/fsx/shared/codeai/hf_13b_trained_folder/hf_llama_13b_20k,trust_remote_code=True,low_cpu_mem_usage=True,dtype=bfloat16",
    "num_fewshot": 0,
    "batch_size": "8",
    "batch_sizes": [],
    "device": "cuda:4",
    "no_cache": false,
    "limit": null,
    "bootstrap_iters": 100000,
    "description_dict": {}
  }
}